strategy,final_levels,information_loss,row_coverage,relative_sum_error,probe_messages,tested_candidates,aggregate_latency_ms,aggregate_rows_sent,aggregate_bytes_sent,seed,k,query_id,n_parties,probe_latency_ms,wall_latency_ms
local_suppression,geo=city;age=age_decade,0.0,0.9994,0.0007272324615770313,0.0,0.0,32.78442400005588,269.0,28417.0,11,3,Q1,4,,
coordinated_rollup,geo=state;age=age_band,0.409090909090909,1.0,0.0,20.0,5.0,62.29862799989405,122.0,13196.0,11,3,Q1,4,149.92918100017505,269.78756500000145
local_suppression,geo=city;product=category,0.0,0.99895,0.0011282613268115988,0.0,0.0,32.55051199994341,285.0,31127.0,11,3,Q2,4,,
coordinated_rollup,geo=state;product=category,0.19999999999999998,1.0,0.0,8.0,2.0,60.03302499993879,180.0,20073.0,11,3,Q2,4,57.29363600005399,182.71134600001915
local_suppression,geo=city;age=age_decade;product=category,0.0,0.97775,0.023750631925265404,0.0,0.0,38.23835999992298,941.0,113753.0,11,3,Q3,4,,
coordinated_rollup,geo=country;age=age_band;product=category,0.4333333333333333,1.0,0.0,40.0,10.0,75.29558099986389,80.0,10121.0,11,3,Q3,4,342.4245100002281,484.20271600002707
local_suppression,geo=state;age=age_decade;time=month,0.0,0.9525,0.048135050541944585,0.0,0.0,38.73995099991134,1271.0,153236.0,11,3,Q4,4,,
coordinated_rollup,geo=country;age=age_band;time=month,0.34375,1.0,0.0,40.0,10.0,65.50617800007785,192.0,23863.0,11,3,Q4,4,338.0489420003414,463.0996909999112
local_suppression,geo=city;time=month,0.0,0.9921,0.007094201905437426,0.0,0.0,31.305362000011883,602.0,64089.0,11,3,Q5,4,,
coordinated_rollup,geo=city;time=year,0.303030303030303,1.0,0.0,16.0,4.0,50.40373600013481,60.0,6413.0,11,3,Q5,4,102.86162700015211,205.80571899995448
local_suppression,age=age;product=category,0.0,0.9905,0.010166790573459074,0.0,0.0,36.037051999983305,1019.0,101632.0,11,3,Q6,4,,
coordinated_rollup,age=age_band;product=category,0.37037037037037035,1.0,0.0,12.0,3.0,57.984255999940615,80.0,8841.0,11,3,Q6,4,83.80608599975403,197.7141349999556
local_suppression,geo=city;age=age_decade,0.0,0.99685,0.004062985887969262,0.0,0.0,32.38618500006396,255.0,27018.0,11,5,Q1,4,,
coordinated_rollup,geo=city;age=all_age,0.45454545454545453,1.0,0.0,24.0,6.0,60.30629800011411,60.0,6413.0,11,5,Q1,4,165.72059299994635,279.233406000003
local_suppression,geo=city;product=category,0.0,0.9953,0.004480987588198582,0.0,0.0,32.557504999999765,264.0,28905.0,11,5,Q2,4,,
coordinated_rollup,geo=country;product=category,0.39999999999999997,1.0,0.0,12.0,3.0,63.48130799995033,20.0,2313.0,11,5,Q2,4,92.05227099994318,210.2904060000128
local_suppression,geo=city;age=age_decade;product=category,0.0,0.9424,0.056797234711702504,0.0,0.0,38.97256200013999,737.0,89657.0,11,5,Q3,4,,
coordinated_rollup,geo=country;age=age_band;product=category,0.4333333333333333,1.0,0.0,40.0,10.0,68.2140569999774,80.0,10121.0,11,5,Q3,4,325.7999830002518,456.7765550000331
local_suppression,geo=state;age=age_decade;time=month,0.0,0.89525,0.10776255463815841,0.0,0.0,51.65122500011421,936.0,113775.0,11,5,Q4,4,,
coordinated_rollup,geo=country;age=age_band;time=month,0.34375,1.0,0.0,40.0,10.0,71.354389000021,192.0,23863.0,11,5,Q4,4,340.93488700023045,476.8866860000571
local_suppression,geo=city;time=month,0.0,0.97215,0.027231985376512443,0.0,0.0,33.033830000022135,486.0,52207.0,11,5,Q5,4,,
coordinated_rollup,geo=city;time=year,0.303030303030303,1.0,0.0,16.0,4.0,51.26394500007336,60.0,6413.0,11,5,Q5,4,100.23769699989771,204.09324499996728
local_suppression,age=age;product=category,0.0,0.97235,0.028050866154133026,0.0,0.0,33.2067779999079,916.0,91659.0,11,5,Q6,4,,
coordinated_rollup,age=age_band;product=category,0.37037037037037035,1.0,0.0,12.0,3.0,64.02129600007811,80.0,8841.0,11,5,Q6,4,81.70179800004007,202.3533240000006
local_suppression,geo=city;age=age_decade,0.0,0.98645,0.013631015160707905,0.0,0.0,35.885881999888625,226.0,24100.0,11,10,Q1,4,,
coordinated_rollup,geo=city;age=all_age,0.45454545454545453,1.0,0.0,24.0,6.0,58.89929500006019,60.0,6413.0,11,10,Q1,4,167.39092399996025,279.7768110000334
local_suppression,geo=city;product=category,0.0,0.97655,0.022439588862078044,0.0,0.0,32.255415000008725,209.0,23091.0,11,10,Q2,4,,
coordinated_rollup,geo=country;product=category,0.39999999999999997,1.0,0.0,12.0,3.0,58.33854599984534,20.0,2313.0,11,10,Q2,4,81.95646599995143,194.06695600002877
local_suppression,geo=city;age=age_decade;product=category,0.0,0.86405,0.13339243420729693,0.0,0.0,37.84168399999999,502.0,61673.0,11,10,Q3,4,,
coordinated_rollup,geo=country;age=age_band;product=category,0.4333333333333333,1.0,0.0,40.0,10.0,72.3580150000771,80.0,10121.0,11,10,Q3,4,333.60190100017917,472.8824160000613
local_suppression,geo=state;age=age_decade;time=month,0.0,0.78085,0.22330265892582232,0.0,0.0,38.17872600006922,593.0,72947.0,11,10,Q4,4,,
coordinated_rollup,geo=country;age=age_band;time=month,0.34375,1.0,0.0,40.0,10.0,64.6051029998489,192.0,23863.0,11,10,Q4,4,316.85979400026554,445.12101099996926
local_suppression,geo=city;time=month,0.0,0.90855,0.09192630979841984,0.0,0.0,28.690986000015073,296.0,32515.0,11,10,Q5,4,,
coordinated_rollup,geo=city;time=year,0.303030303030303,1.0,0.0,16.0,4.0,50.60957699993196,60.0,6413.0,11,10,Q5,4,126.82690600001933,239.12120599993614
local_suppression,age=age;product=category,0.0,0.8928,0.09954372064052952,0.0,0.0,35.08769100005793,687.0,69327.0,11,10,Q6,4,,
coordinated_rollup,age=age_band;product=category,0.37037037037037035,1.0,0.0,12.0,3.0,57.12589899997056,80.0,8841.0,11,10,Q6,4,83.32177600016166,197.1757640000078
local_suppression,geo=city;age=age_decade,0.0,0.94775,0.052072723296086976,0.0,0.0,33.175406999816914,170.0,18339.0,11,20,Q1,4,,
coordinated_rollup,geo=country;age=age_band,0.5909090909090908,1.0,0.0,32.0,8.0,57.76931900004456,16.0,1788.0,11,20,Q1,4,220.71625099977155,333.92095400006383
local_suppression,geo=city;product=category,0.0,0.92615,0.07174809297139205,0.0,0.0,32.450918999984424,132.0,14787.0,11,20,Q2,4,,
coordinated_rollup,geo=country;product=category,0.39999999999999997,1.0,0.0,12.0,3.0,64.42528399998082,20.0,2313.0,11,20,Q2,4,86.006440999995,210.72143800006415
local_suppression,geo=city;age=age_decade;product=category,0.0,0.72035,0.2779773374862596,0.0,0.0,39.601347000143505,295.0,36423.0,11,20,Q3,4,,
coordinated_rollup,geo=country;age=age_band;product=category,0.4333333333333333,1.0,0.0,40.0,10.0,68.2240459999548,80.0,10121.0,11,20,Q3,4,326.9235190001609,456.8513609999627
local_suppression,geo=state;age=age_decade;time=month,0.0,0.59315,0.3973386419975741,0.0,0.0,38.243498000042564,325.0,40316.0,11,20,Q4,4,,
coordinated_rollup,geo=country;age=age_band;time=quarter,0.44791666666666663,1.0,0.0,60.0,15.0,69.67743299992435,64.0,8012.0,11,20,Q4,4,478.69194299971696,608.155666000016
local_suppression,geo=city;time=month,0.0,0.87265,0.12895881702454426,0.0,0.0,32.62547199983601,235.0,26003.0,11,20,Q5,4,,
coordinated_rollup,geo=country;time=month,0.3636363636363636,1.0,0.0,24.0,6.0,53.769504000115376,48.0,5455.0,11,20,Q5,4,160.8987250000382,266.1902380000356
local_suppression,age=age;product=category,0.0,0.64415,0.3592730792219603,0.0,0.0,32.00503300001856,343.0,34826.0,11,20,Q6,4,,
coordinated_rollup,age=age_band;product=category,0.37037037037037035,1.0,0.0,12.0,3.0,62.78000599979805,80.0,8841.0,11,20,Q6,4,81.67737600024338,200.35319399994478
local_suppression,geo=city;age=age_decade,0.0,0.99945,0.0005968726383754482,0.0,0.0,35.34416299999066,280.0,29533.0,22,3,Q1,4,,
coordinated_rollup,geo=city;age=all_age,0.45454545454545453,1.0,0.0,24.0,6.0,51.995591999911994,60.0,6430.0,22,3,Q1,4,164.96079299975008,274.57010399996307
local_suppression,geo=city;product=category,0.0,0.9988,0.0006970793498478003,0.0,0.0,33.228831999963404,280.0,30552.0,22,3,Q2,4,,
coordinated_rollup,geo=country;product=category,0.39999999999999997,1.0,0.0,12.0,3.0,57.31789899994055,20.0,2327.0,22,3,Q2,4,81.00427500016849,193.53023100006794
local_suppression,geo=city;age=age_decade;product=category,0.0,0.9746,0.02276733342292811,0.0,0.0,38.23380100016038,915.0,110969.0,22,3,Q3,4,,
coordinated_rollup,geo=country;age=age_band;product=category,0.4333333333333333,1.0,0.0,40.0,10.0,80.10214800015092,80.0,10124.0,22,3,Q3,4,345.3665549998277,487.48898100006954
local_suppression,geo=state;age=age_decade;time=month,0.0,0.95315,0.046083166901887525,0.0,0.0,37.58920300003865,1239.0,149781.0,22,3,Q4,4,,
coordinated_rollup,geo=country;age=age_band;time=month,0.34375,1.0,0.0,40.0,10.0,63.58803799980706,192.0,23820.0,22,3,Q4,4,308.8342879996162,433.7214729999914
local_suppression,geo=city;time=month,0.0,0.99265,0.008906510731816293,0.0,0.0,30.283792999966863,596.0,63660.0,22,3,Q5,4,,
coordinated_rollup,geo=city;time=year,0.303030303030303,1.0,0.0,16.0,4.0,50.05752300007771,60.0,6430.0,22,3,Q5,4,102.74515800017525,222.2096269999838
local_suppression,age=age;product=category,0.0,0.99175,0.007574414156626761,0.0,0.0,32.07783200002723,1021.0,102014.0,22,3,Q6,4,,
coordinated_rollup,age=age_band;product=category,0.37037037037037035,1.0,0.0,12.0,3.0,58.484158999931424,80.0,8844.0,22,3,Q6,4,81.69981600008214,200.97921399997176
local_suppression,geo=city;age=age_decade,0.0,0.99635,0.003198739517821274,0.0,0.0,33.06416000009449,262.0,27745.0,22,5,Q1,4,,
coordinated_rollup,geo=city;age=all_age,0.45454545454545453,1.0,0.0,24.0,6.0,53.68556799999169,60.0,6430.0,22,5,Q1,4,168.15643099982935,274.6970160000046
local_suppression,geo=city;product=category,0.0,0.99525,0.0028385144349649173,0.0,0.0,31.919008000045324,259.0,28408.0,22,5,Q2,4,,
coordinated_rollup,geo=country;product=category,0.39999999999999997,1.0,0.0,12.0,3.0,57.1262639998622,20.0,2327.0,22,5,Q2,4,95.59556600004271,222.44827700001224
local_suppression,geo=city;age=age_decade;product=category,0.0,0.94105,0.056611103619283655,0.0,0.0,39.49861600005988,722.0,88034.0,22,5,Q3,4,,
coordinated_rollup,geo=country;age=age_band;product=category,0.4333333333333333,1.0,0.0,40.0,10.0,68.69490999997652,80.0,10124.0,22,5,Q3,4,329.27479699992546,463.4114830000726
local_suppression,geo=state;age=age_decade;time=month,0.0,0.90215,0.09603854228091269,0.0,0.0,38.261266999938925,940.0,114562.0,22,5,Q4,4,,
coordinated_rollup,geo=country;age=age_band;time=month,0.34375,1.0,0.0,40.0,10.0,82.23838200012779,192.0,23820.0,22,5,Q4,4,314.1202170000952,459.0006880000601
local_suppression,geo=city;time=month,0.0,0.97195,0.028940128279026596,0.0,0.0,30.008024000039768,479.0,51682.0,22,5,Q5,4,,
coordinated_rollup,geo=city;time=year,0.303030303030303,1.0,0.0,16.0,4.0,52.16609699994024,60.0,6430.0,22,5,Q5,4,104.08482399975583,207.62406599999395
local_suppression,age=age;product=category,0.0,0.97545,0.024600273124334226,0.0,0.0,32.462813999927675,928.0,92971.0,22,5,Q6,4,,
coordinated_rollup,age=age_band;product=category,0.37037037037037035,1.0,0.0,12.0,3.0,57.973879999963174,80.0,8844.0,22,5,Q6,4,82.31696099994679,194.9076219999597
local_suppression,geo=city;age=age_decade,0.0,0.98095,0.01859538632328736,0.0,0.0,32.26606800001264,218.0,23348.0,22,10,Q1,4,,
coordinated_rollup,geo=country;age=age_band,0.5909090909090908,1.0,0.0,32.0,8.0,72.31338300005064,16.0,1792.0,22,10,Q1,4,235.10940400012714,363.66441500001656
local_suppression,geo=city;product=category,0.0,0.9723,0.029396493446964857,0.0,0.0,31.902842000022247,194.0,21451.0,22,10,Q2,4,,
coordinated_rollup,geo=country;product=category,0.39999999999999997,1.0,0.0,12.0,3.0,59.86234100009824,20.0,2327.0,22,10,Q2,4,85.99307499980569,202.18394400001216
local_suppression,geo=city;age=age_decade;product=category,0.0,0.8666,0.1336924956875408,0.0,0.0,37.518829999953596,498.0,61117.0,22,10,Q3,4,,
coordinated_rollup,geo=country;age=age_band;product=category,0.4333333333333333,1.0,0.0,40.0,10.0,69.46786399998928,80.0,10124.0,22,10,Q3,4,328.89836000015293,465.3889239999671
local_suppression,geo=state;age=age_decade;time=month,0.0,0.79905,0.19729994129345654,0.0,0.0,40.25130800005172,624.0,76881.0,22,10,Q4,4,,
coordinated_rollup,geo=country;age=age_band;time=month,0.34375,1.0,0.0,40.0,10.0,63.51216400003068,192.0,23820.0,22,10,Q4,4,310.65267999963453,433.69742199990924
local_suppression,geo=city;time=month,0.0,0.91485,0.0866852985113398,0.0,0.0,29.660965999937616,304.0,33421.0,22,10,Q5,4,,
coordinated_rollup,geo=country;time=month,0.3636363636363636,1.0,0.0,24.0,6.0,50.40681399998448,48.0,5470.0,22,10,Q5,4,146.99215499979346,262.9796339999757
local_suppression,age=age;product=category,0.0,0.89755,0.09453906901499598,0.0,0.0,32.11001999989094,707.0,71406.0,22,10,Q6,4,,
coordinated_rollup,age=age_band;product=category,0.37037037037037035,1.0,0.0,12.0,3.0,59.17815400005111,80.0,8844.0,22,10,Q6,4,96.4640010002995,210.14223600002424
local_suppression,geo=city;age=age_decade,0.0,0.9349,0.0671314937346848,0.0,0.0,31.427210000060768,156.0,16871.0,22,20,Q1,4,,
coordinated_rollup,geo=country;age=age_band,0.5909090909090908,1.0,0.0,32.0,8.0,57.58247099993241,16.0,1792.0,22,20,Q1,4,223.28626199964674,336.23045199999524
local_suppression,geo=city;product=category,0.0,0.93125,0.07039036956526984,0.0,0.0,32.37213199997768,133.0,14848.0,22,20,Q2,4,,
coordinated_rollup,geo=country;product=category,0.39999999999999997,1.0,0.0,12.0,3.0,57.81545199999982,20.0,2327.0,22,20,Q2,4,82.23377700005585,212.2999550000486
local_suppression,geo=city;age=age_decade;product=category,0.0,0.7301,0.26051629047070723,0.0,0.0,38.69152800007214,303.0,37463.0,22,20,Q3,4,,
coordinated_rollup,geo=country;age=age_band;product=category,0.4333333333333333,1.0,0.0,40.0,10.0,69.35978100000284,80.0,10124.0,22,20,Q3,4,339.5284339999307,474.3503239999427
local_suppression,geo=state;age=age_decade;time=month,0.0,0.61265,0.38540608804378207,0.0,0.0,38.14206799995645,347.0,43016.0,22,20,Q4,4,,
coordinated_rollup,geo=country;age=age_band;time=quarter,0.44791666666666663,1.0,0.0,60.0,15.0,75.49680399995395,64.0,8056.0,22,20,Q4,4,466.59609100015587,601.2760639999897
local_suppression,geo=city;time=month,0.0,0.87485,0.12641915009996324,0.0,0.0,29.127558999903158,239.0,26480.0,22,20,Q5,4,,
coordinated_rollup,geo=country;time=month,0.3636363636363636,1.0,0.0,24.0,6.0,50.0662500000999,48.0,5470.0,22,20,Q5,4,151.5212590001056,253.71173100006672
local_suppression,age=age;product=category,0.0,0.6472,0.35074094224624186,0.0,0.0,32.318454000119345,346.0,35175.0,22,20,Q6,4,,
coordinated_rollup,age=age_band;product=category,0.37037037037037035,1.0,0.0,12.0,3.0,58.66440900001635,80.0,8844.0,22,20,Q6,4,82.09991700005048,196.53892099995574
local_suppression,geo=city;age=age_decade,0.0,0.9994,0.000635210565436501,0.0,0.0,33.79024399998798,291.0,30778.0,33,3,Q1,4,,
coordinated_rollup,geo=country;age=age_decade,0.3636363636363636,1.0,0.0,16.0,4.0,59.432552000089345,31.0,3419.0,33,3,Q1,4,125.54723100004139,240.8818549999978
local_suppression,geo=city;product=category,0.0,0.99965,0.00044464677836492247,0.0,0.0,32.2933989999683,294.0,32057.0,33,3,Q2,4,,
coordinated_rollup,geo=state;product=category,0.19999999999999998,1.0,0.0,8.0,2.0,58.519320000073094,179.0,19922.0,33,3,Q2,4,59.8647339999161,174.23460999998497
local_suppression,geo=city;age=age_decade;product=category,0.0,0.97525,0.026426965020068395,0.0,0.0,39.03985800002374,985.0,119113.0,33,3,Q3,4,,
coordinated_rollup,geo=country;age=age_band;product=category,0.4333333333333333,1.0,0.0,40.0,10.0,81.63646500008781,80.0,10085.0,33,3,Q3,4,328.472958000134,482.72478299998056
local_suppression,geo=state;age=age_decade;time=month,0.0,0.94975,0.04687970422223127,0.0,0.0,38.4844579999708,1347.0,162540.0,33,3,Q4,4,,
coordinated_rollup,geo=country;age=age_band;time=month,0.34375,1.0,0.0,40.0,10.0,65.67864099997678,192.0,23843.0,33,3,Q4,4,315.4700059994866,440.7275689999324
local_suppression,geo=city;time=month,0.0,0.99295,0.007723419670446873,0.0,0.0,31.20144100012112,623.0,66508.0,33,3,Q5,4,,
coordinated_rollup,geo=city;time=quarter,0.1515151515151515,1.0,0.0,8.0,2.0,54.33030699998653,240.0,25884.0,33,3,Q5,4,52.9090529998939,160.01168200000393
local_suppression,age=age;product=category,0.0,0.99105,0.008731030286802468,0.0,0.0,32.77075000005425,1037.0,103376.0,33,3,Q6,4,,
coordinated_rollup,age=age_band;product=category,0.37037037037037035,1.0,0.0,12.0,3.0,76.84447899998759,80.0,8805.0,33,3,Q6,4,85.05127800015089,219.11895599998843
local_suppression,geo=city;age=age_decade,0.0,0.9962,0.004325180834620788,0.0,0.0,32.43264100001397,273.0,28982.0,33,5,Q1,4,,
coordinated_rollup,geo=city;age=all_age,0.45454545454545453,1.0,0.0,24.0,6.0,53.45608200013885,60.0,6458.0,33,5,Q1,4,170.6512269997802,277.2949669999889
local_suppression,geo=city;product=category,0.0,0.99545,0.004357658211457399,0.0,0.0,31.421821000094496,270.0,29587.0,33,5,Q2,4,,
coordinated_rollup,geo=country;product=category,0.39999999999999997,1.0,0.0,12.0,3.0,58.41144900000472,20.0,2332.0,33,5,Q2,4,83.05408399985481,195.8329630000435
local_suppression,geo=city;age=age_decade;product=category,0.0,0.93905,0.061086753661622015,0.0,0.0,41.35898299989549,769.0,93510.0,33,5,Q3,4,,
coordinated_rollup,geo=country;age=age_band;product=category,0.4333333333333333,1.0,0.0,40.0,10.0,76.75908499993511,80.0,10085.0,33,5,Q3,4,330.9183360000816,474.39891700003045
local_suppression,geo=state;age=age_decade;time=month,0.0,0.8795,0.11765612339669426,0.0,0.0,39.12824700000783,944.0,114860.0,33,5,Q4,4,,
coordinated_rollup,geo=country;age=age_band;time=month,0.34375,1.0,0.0,40.0,10.0,64.1418769999973,192.0,23843.0,33,5,Q4,4,310.983540000052,440.45356899994204
local_suppression,geo=city;time=month,0.0,0.9746,0.027515836996984164,0.0,0.0,30.314357000065684,520.0,55972.0,33,5,Q5,4,,
coordinated_rollup,geo=city;time=year,0.303030303030303,1.0,0.0,16.0,4.0,52.71222999999736,60.0,6458.0,33,5,Q5,4,108.09522800002469,218.75106400000277
local_suppression,age=age;product=category,0.0,0.97345,0.026658440422904103,0.0,0.0,31.183545999851958,933.0,93283.0,33,5,Q6,4,,
coordinated_rollup,age=age_band;product=category,0.37037037037037035,1.0,0.0,12.0,3.0,58.158419999813304,80.0,8805.0,33,5,Q6,4,86.19009400024424,200.05431900005988
local_suppression,geo=city;age=age_decade,0.0,0.9818,0.017736398704577463,0.0,0.0,32.189397000024655,232.0,24863.0,33,10,Q1,4,,
coordinated_rollup,geo=city;age=all_age,0.45454545454545453,1.0,0.0,24.0,6.0,52.35023599993838,60.0,6458.0,33,10,Q1,4,164.60380600028657,270.3872060000094
local_suppression,geo=city;product=category,0.0,0.97515,0.02601302047674528,0.0,0.0,33.68849800006046,211.0,23354.0,33,10,Q2,4,,
coordinated_rollup,geo=country;product=category,0.39999999999999997,1.0,0.0,12.0,3.0,65.93432399984067,20.0,2332.0,33,10,Q2,4,84.2813300000671,212.78453200000058
local_suppression,geo=city;age=age_decade;product=category,0.0,0.8497,0.1515823771405995,0.0,0.0,38.986860000022716,500.0,61315.0,33,10,Q3,4,,
coordinated_rollup,geo=country;age=age_band;product=category,0.4333333333333333,1.0,0.0,40.0,10.0,67.77077199990345,80.0,10085.0,33,10,Q3,4,327.00625499967373,458.3658320000268
local_suppression,geo=state;age=age_decade;time=month,0.0,0.7565,0.24017446822139005,0.0,0.0,38.05268199994316,571.0,70340.0,33,10,Q4,4,,
coordinated_rollup,geo=country;age=age_band;time=month,0.34375,1.0,0.0,40.0,10.0,70.30213200005164,192.0,23843.0,33,10,Q4,4,327.0611839997173,458.2008739999992
local_suppression,geo=city;time=month,0.0,0.9101,0.09433766319951321,0.0,0.0,35.89909300001182,326.0,35732.0,33,10,Q5,4,,
coordinated_rollup,geo=city;time=year,0.303030303030303,1.0,0.0,16.0,4.0,51.54707800011238,60.0,6458.0,33,10,Q5,4,100.70671099992978,203.81888899999012
local_suppression,age=age;product=category,0.0,0.89135,0.10482960018749943,0.0,0.0,31.393761000003906,699.0,70430.0,33,10,Q6,4,,
coordinated_rollup,age=age_band;product=category,0.37037037037037035,1.0,0.0,12.0,3.0,58.61074000006283,80.0,8805.0,33,10,Q6,4,83.77171699999053,198.83590100005222
local_suppression,geo=city;age=age_decade,0.0,0.94015,0.061113880915449316,0.0,0.0,41.50520799998958,175.0,18934.0,33,20,Q1,4,,
coordinated_rollup,geo=city;age=all_age,0.45454545454545453,1.0,0.0,24.0,6.0,54.88189000004695,60.0,6458.0,33,20,Q1,4,175.88110400038204,291.6384549999975
local_suppression,geo=city;product=category,0.0,0.92845,0.07420744719464092,0.0,0.0,32.853289000058794,143.0,16004.0,33,20,Q2,4,,
coordinated_rollup,geo=country;product=category,0.39999999999999997,1.0,0.0,12.0,3.0,57.297281000046496,20.0,2332.0,33,20,Q2,4,87.79252600004384,199.89249200000359
local_suppression,geo=city;age=age_decade;product=category,0.0,0.71065,0.279243431232887,0.0,0.0,38.86987299983957,299.0,36959.0,33,20,Q3,4,,
coordinated_rollup,geo=country;age=age_band;product=category,0.4333333333333333,1.0,0.0,40.0,10.0,69.94392100011737,80.0,10085.0,33,20,Q3,4,329.8784699995849,471.1865880000232
local_suppression,geo=state;age=age_decade;time=month,0.0,0.5821,0.4180776754259491,0.0,0.0,39.84577199992145,320.0,39696.0,33,20,Q4,4,,
coordinated_rollup,geo=country;age=age_band;time=month,0.34375,1.0,0.0,40.0,10.0,63.74757100002171,192.0,23843.0,33,20,Q4,4,311.8130770000107,435.8737939999173
local_suppression,geo=city;time=month,0.0,0.8526,0.1476965454437874,0.0,0.0,31.36032100007924,234.0,25881.0,33,20,Q5,4,,
coordinated_rollup,geo=city;time=year,0.303030303030303,1.0,0.0,16.0,4.0,51.437967999959255,60.0,6458.0,33,20,Q5,4,98.85636100000283,214.49459599989495
local_suppression,age=age;product=category,0.0,0.63995,0.3616890706952412,0.0,0.0,34.97255099989616,338.0,34232.0,33,20,Q6,4,,
coordinated_rollup,age=age_band;product=category,0.37037037037037035,1.0,0.0,12.0,3.0,65.4310910000504,80.0,8805.0,33,20,Q6,4,89.00661199993465,210.00974199989741
